<?xml version="1.0" encoding="UTF-8" ?>
<!DOCTYPE configuration
  PUBLIC "-//mybatis.org//DTD Config 3.0//EN"
  "http://mybatis.org/dtd/mybatis-3-config.dtd">
<configuration>
	<environments default="development">
		<environment id="development">
			<transactionManager type="JDBC" />
			<dataSource type="POOLED">
				<property name="driver" value="oracle.jdbc.driver.OracleDriver" />
				<property name="url" value= "jdbc:oracle:thin:@127.0.0.1:1521:xe" />
				<property name="username" value="joo" />
				<property name="password" value="java" />
			</dataSource>
		</environment>
	</environments>
	<mappers>
		<mapper resource="kr/or/ddit/config/mybatis/mapper/board.xml" />
	</mappers>
</configuration>



